Index,Name,URL,Party Affiliation,Sentence Count,Positive Sentence Count,Negative Sentence Count,Achievements,Criticisms,Bias Score
1,Jerry Carl,https://en.wikipedia.org/wiki/Jerry_Carl,Republican,61,0,0,0,0,0
2,Barry Moore,https://en.wikipedia.org/wiki/Barry_Moore,Unknown,1,0,0,0,0,0
3,Mike Rogers,https://en.wikipedia.org/wiki/Mike_Rogers,Unknown,1,0,0,0,0,0
4,Robert Aderholt,https://en.wikipedia.org/wiki/Robert_Aderholt,Republican,100,1,0,2,0,3
5,Dale Strong,https://en.wikipedia.org/wiki/Dale_Strong,Republican,73,0,0,1,1,0
6,Gary Palmer,https://en.wikipedia.org/wiki/Gary_Palmer,Unknown,1,0,0,0,0,0
7,Terri Sewell,https://en.wikipedia.org/wiki/Terri_Sewell,Democratic,109,0,0,0,0,0
8,Mary Peltola,https://en.wikipedia.org/wiki/Mary_Peltola,Democratic,127,0,0,0,0,0
9,David Schweikert,https://en.wikipedia.org/wiki/David_Schweikert,Republican,127,0,0,0,1,-1
10,Eli Crane,https://en.wikipedia.org/wiki/Eli_Crane,Republican,44,0,0,0,0,0
11,Ruben Gallego,https://en.wikipedia.org/wiki/Ruben_Gallego,Democratic,84,0,1,1,0,0
12,Greg Stanton,https://en.wikipedia.org/wiki/Greg_Stanton,Democratic,54,0,0,0,0,0
13,Andy Biggs,https://en.wikipedia.org/wiki/Andy_Biggs,Republican,191,0,0,1,0,1
14,Juan Ciscomani,https://en.wikipedia.org/wiki/Juan_Ciscomani,Republican,41,0,0,0,0,0
15,Raúl Grijalva,https://en.wikipedia.org/wiki/Raúl_Grijalva,Democratic,161,1,0,1,1,1
16,Debbie Lesko,https://en.wikipedia.org/wiki/Debbie_Lesko,Republican,116,0,0,0,1,-1
17,Paul Gosar,https://en.wikipedia.org/wiki/Paul_Gosar,Republican,268,0,0,1,3,-2
18,Rick Crawford,https://en.wikipedia.org/wiki/Rick_Crawford,Unknown,1,0,0,0,0,0
19,French Hill,https://en.wikipedia.org/wiki/French_Hill,Unknown,1,0,0,0,0,0
20,Steve Womack,https://en.wikipedia.org/wiki/Steve_Womack,Republican,76,0,0,0,0,0
21,Bruce Westerman,https://en.wikipedia.org/wiki/Bruce_Westerman,Republican,45,0,0,0,0,0
22,Doug LaMalfa,https://en.wikipedia.org/wiki/Doug_LaMalfa,Republican,131,0,0,2,0,2
23,Jared Huffman,https://en.wikipedia.org/wiki/Jared_Huffman,Democratic,86,0,0,0,1,-1
24,Kevin Kiley,https://en.wikipedia.org/wiki/Kevin_Kiley,Unknown,1,0,0,0,0,0
25,Mike Thompson,https://en.wikipedia.org/wiki/Mike_Thompson,Unknown,1,0,0,0,0,0
26,Tom McClintock,https://en.wikipedia.org/wiki/Tom_McClintock,Republican,202,0,0,0,0,0
27,Ami Bera,https://en.wikipedia.org/wiki/Ami_Bera,Democratic,119,0,0,0,1,-1
28,Doris Matsui,https://en.wikipedia.org/wiki/Doris_Matsui,Democratic,88,0,0,0,0,0
29,John Garamendi,https://en.wikipedia.org/wiki/John_Garamendi,Democratic,163,0,0,0,1,-1
30,Josh Harder,https://en.wikipedia.org/wiki/Josh_Harder,Democratic,44,0,0,0,0,0
31,Mark DeSaulnier,https://en.wikipedia.org/wiki/Mark_DeSaulnier,Democratic,97,0,0,0,1,-1
32,Nancy Pelosi,https://en.wikipedia.org/wiki/Nancy_Pelosi,Democratic,707,1,5,6,17,-15
33,Barbara Lee,https://en.wikipedia.org/wiki/Barbara_Lee,Democratic,205,0,0,5,1,4
34,John Duarte,https://en.wikipedia.org/wiki/John_Duarte,Unknown,1,0,0,0,0,0
35,Eric Swalwell,https://en.wikipedia.org/wiki/Eric_Swalwell,Democratic,180,1,0,1,0,2
36,Kevin Mullin,https://en.wikipedia.org/wiki/Kevin_Mullin,Democratic,33,0,0,1,0,1
37,Anna Eshoo,https://en.wikipedia.org/wiki/Anna_Eshoo,Democratic,128,1,0,0,0,1
38,Ro Khanna,https://en.wikipedia.org/wiki/Ro_Khanna,Democratic,294,0,0,3,1,2
39,Zoe Lofgren,https://en.wikipedia.org/wiki/Zoe_Lofgren,Democratic,93,0,0,0,1,-1
40,Jimmy Panetta,https://en.wikipedia.org/wiki/Jimmy_Panetta,Democratic,44,0,0,1,0,1
41,Vince Fong,https://en.wikipedia.org/wiki/Vince_Fong,Republican,32,0,0,1,0,1
42,Jim Costa,https://en.wikipedia.org/wiki/Jim_Costa,Democratic,126,0,0,0,0,0
43,David Valadao,https://en.wikipedia.org/wiki/David_Valadao,Republican,132,0,0,3,0,3
44,Jay Obernolte,https://en.wikipedia.org/wiki/Jay_Obernolte,Republican,95,0,0,2,0,2
45,Salud Carbajal,https://en.wikipedia.org/wiki/Salud_Carbajal,Democratic,31,0,0,0,0,0
46,Raul Ruiz,https://en.wikipedia.org/wiki/Raul_Ruiz,Unknown,1,0,0,0,0,0
47,Julia Brownley,https://en.wikipedia.org/wiki/Julia_Brownley,Democratic,37,0,0,0,0,0
48,Mike Garcia,https://en.wikipedia.org/wiki/Mike_Garcia,Unknown,1,0,0,0,0,0
49,Judy Chu,https://en.wikipedia.org/wiki/Judy_Chu,Democratic,98,0,0,1,0,1
50,Tony Cárdenas,https://en.wikipedia.org/wiki/Tony_Cárdenas,Democratic,59,0,0,0,0,0
51,Adam Schiff,https://en.wikipedia.org/wiki/Adam_Schiff,Democratic,211,0,2,0,1,-3
52,Grace Napolitano,https://en.wikipedia.org/wiki/Grace_Napolitano,Democratic,56,0,0,0,0,0
53,Brad Sherman,https://en.wikipedia.org/wiki/Brad_Sherman,Democratic,158,0,0,0,1,-1
54,Pete Aguilar,https://en.wikipedia.org/wiki/Pete_Aguilar,Democratic,94,0,0,0,0,0
55,Jimmy Gomez,https://en.wikipedia.org/wiki/Jimmy_Gomez,Democratic,72,0,0,0,0,0
56,Norma Torres,https://en.wikipedia.org/wiki/Norma_Torres,Democratic,33,0,0,0,0,0
57,Ted Lieu,https://en.wikipedia.org/wiki/Ted_Lieu,Democratic,144,0,1,4,2,1
58,Sydney Kamlager-Dove,https://en.wikipedia.org/wiki/Sydney_Kamlager-Dove,Democratic,39,0,0,0,0,0
59,Linda Sánchez,https://en.wikipedia.org/wiki/Linda_Sánchez,Democratic,129,0,0,1,1,0
60,Mark Takano,https://en.wikipedia.org/wiki/Mark_Takano,Democratic,51,0,0,0,0,0
61,Young Kim,https://en.wikipedia.org/wiki/Young_Kim,Republican,105,0,1,3,0,2
62,Ken Calvert,https://en.wikipedia.org/wiki/Ken_Calvert,Republican,106,0,0,2,0,2
63,Robert Garcia,https://en.wikipedia.org/wiki/Robert_Garcia,Unknown,1,0,0,0,0,0
64,Maxine Waters,https://en.wikipedia.org/wiki/Maxine_Waters,Democratic,233,1,0,0,5,-4
65,Nanette Barragán,https://en.wikipedia.org/wiki/Nanette_Barragán,Democratic,69,0,0,0,0,0
66,Michelle Steel,https://en.wikipedia.org/wiki/Michelle_Steel,Republican,80,0,0,1,0,1
67,Lou Correa,https://en.wikipedia.org/wiki/Lou_Correa,Democratic,68,0,0,0,0,0
68,Katie Porter,https://en.wikipedia.org/wiki/Katie_Porter,Democratic,126,0,0,0,2,-2
69,Darrell Issa,https://en.wikipedia.org/wiki/Darrell_Issa,Republican,279,0,0,1,2,-1
70,Mike Levin,https://en.wikipedia.org/wiki/Mike_Levin,Democratic,59,0,0,0,0,0
71,Scott Peters,https://en.wikipedia.org/wiki/Scott_Peters,Unknown,1,0,0,0,0,0
72,Sara Jacobs,https://en.wikipedia.org/wiki/Sara_Jacobs,Democratic,74,0,0,0,0,0
73,Juan Vargas,https://en.wikipedia.org/wiki/Juan_Vargas,Democratic,63,0,0,0,0,0
74,Diana DeGette,https://en.wikipedia.org/wiki/Diana_DeGette,Democratic,96,0,0,1,0,1
75,Joe Neguse,https://en.wikipedia.org/wiki/Joe_Neguse,Democratic,83,0,0,0,0,0
76,Lauren Boebert,https://en.wikipedia.org/wiki/Lauren_Boebert,Republican,318,0,1,2,1,0
77,Greg Lopez,https://en.wikipedia.org/wiki/Greg_Lopez,Democratic,50,0,0,0,0,0
78,Doug Lamborn,https://en.wikipedia.org/wiki/Doug_Lamborn,Republican,136,0,0,1,0,1
79,Jason Crow,https://en.wikipedia.org/wiki/Jason_Crow,Democratic,55,0,0,3,0,3
80,Brittany Pettersen,https://en.wikipedia.org/wiki/Brittany_Pettersen,Democratic,20,0,0,0,0,0
81,Yadira Caraveo,https://en.wikipedia.org/wiki/Yadira_Caraveo,Democratic,25,0,0,0,0,0
82,John B. Larson,https://en.wikipedia.org/wiki/John_B._Larson,Democratic,43,0,0,0,0,0
83,Joe Courtney,https://en.wikipedia.org/wiki/Joe_Courtney,Unknown,1,0,0,0,0,0
84,Rosa DeLauro,https://en.wikipedia.org/wiki/Rosa_DeLauro,Democratic,103,0,2,1,1,-2
85,Jim Himes,https://en.wikipedia.org/wiki/Jim_Himes,Democratic,112,0,0,3,1,2
86,Jahana Hayes,https://en.wikipedia.org/wiki/Jahana_Hayes,Democratic,62,0,0,2,0,2
87,Lisa Blunt Rochester,https://en.wikipedia.org/wiki/Lisa_Blunt_Rochester,Democratic,49,0,0,0,0,0
88,Matt Gaetz,https://en.wikipedia.org/wiki/Matt_Gaetz,Republican,413,0,0,1,4,-3
89,Neal Dunn,https://en.wikipedia.org/wiki/Neal_Dunn,Republican,47,0,0,0,0,0
90,Kat Cammack,https://en.wikipedia.org/wiki/Kat_Cammack,Republican,106,0,0,0,0,0
91,Aaron Bean,https://en.wikipedia.org/wiki/Aaron_Bean,Republican,34,0,0,0,0,0
92,John Rutherford,https://en.wikipedia.org/wiki/John_Rutherford,Unknown,1,0,0,0,0,0
93,Michael Waltz,https://en.wikipedia.org/wiki/Michael_Waltz,Republican,82,0,0,2,0,2
94,Cory Mills,https://en.wikipedia.org/wiki/Cory_Mills,Republican,47,0,0,0,0,0
95,Bill Posey,https://en.wikipedia.org/wiki/Bill_Posey,Republican,83,0,0,0,1,-1
96,Darren Soto,https://en.wikipedia.org/wiki/Darren_Soto,Democratic,120,0,0,1,1,0
97,Maxwell Frost,https://en.wikipedia.org/wiki/Maxwell_Frost,Democratic,75,0,0,0,0,0
98,Daniel Webster,https://en.wikipedia.org/wiki/Daniel_Webster,Unknown,453,3,0,5,0,8
99,Gus Bilirakis,https://en.wikipedia.org/wiki/Gus_Bilirakis,Republican,73,0,1,0,0,-1
100,Anna Paulina Luna,https://en.wikipedia.org/wiki/Anna_Paulina_Luna,Republican,140,0,0,1,0,1
101,Kathy Castor,https://en.wikipedia.org/wiki/Kathy_Castor,Democratic,100,0,0,0,0,0
102,Laurel Lee,https://en.wikipedia.org/wiki/Laurel_Lee,Republican,24,0,0,0,0,0
103,Vern Buchanan,https://en.wikipedia.org/wiki/Vern_Buchanan,Republican,182,0,0,4,0,4
104,Greg Steube,https://en.wikipedia.org/wiki/Greg_Steube,Republican,78,0,0,1,0,1
105,Scott Franklin,https://en.wikipedia.org/wiki/Scott_Franklin,Unknown,1,0,0,0,0,0
106,Byron Donalds,https://en.wikipedia.org/wiki/Byron_Donalds,Republican,85,0,0,0,0,0
107,Sheila Cherfilus-McCormick,https://en.wikipedia.org/wiki/Sheila_Cherfilus-McCormick,Democratic,40,0,0,0,0,0
108,Brian Mast,https://en.wikipedia.org/wiki/Brian_Mast,Republican,151,1,0,2,0,3
109,Lois Frankel,https://en.wikipedia.org/wiki/Lois_Frankel,Democratic,75,0,0,1,0,1
110,Jared Moskowitz,https://en.wikipedia.org/wiki/Jared_Moskowitz,Democratic,50,0,0,0,0,0
111,Frederica Wilson,https://en.wikipedia.org/wiki/Frederica_Wilson,Democratic,78,0,0,0,0,0
112,Debbie Wasserman Schultz,https://en.wikipedia.org/wiki/Debbie_Wasserman_Schultz,Democratic,227,0,0,3,3,0
113,Mario Díaz-Balart,https://en.wikipedia.org/wiki/Mario_Díaz-Balart,Republican,121,0,0,1,0,1
114,María Elvira Salazar,https://en.wikipedia.org/wiki/María_Elvira_Salazar,Republican,115,1,0,1,0,2
115,Carlos Giménez,https://en.wikipedia.org/wiki/Carlos_Giménez,Unknown,1,0,0,0,0,0
116,Buddy Carter,https://en.wikipedia.org/wiki/Buddy_Carter,Republican,86,0,0,1,2,-1
117,Sanford Bishop,https://en.wikipedia.org/wiki/Sanford_Bishop,Democratic,92,0,0,5,4,1
118,Drew Ferguson,https://en.wikipedia.org/wiki/Drew_Ferguson,Unknown,1,0,0,0,0,0
119,Hank Johnson,https://en.wikipedia.org/wiki/Hank_Johnson,Democratic,139,0,0,0,2,-2
120,Nikema Williams,https://en.wikipedia.org/wiki/Nikema_Williams,Democratic,36,0,0,0,0,0
121,Rich McCormick,https://en.wikipedia.org/wiki/Rich_McCormick,Republican,35,0,0,0,0,0
122,Lucy McBath,https://en.wikipedia.org/wiki/Lucy_McBath,Democratic,97,0,0,2,1,1
123,Austin Scott,https://en.wikipedia.org/wiki/Austin_Scott,Unknown,1,0,0,0,0,0
124,Andrew Clyde,https://en.wikipedia.org/wiki/Andrew_Clyde,Republican,70,0,0,2,0,2
125,Mike Collins,https://en.wikipedia.org/wiki/Mike_Collins,Unknown,1,0,0,0,0,0
126,Barry Loudermilk,https://en.wikipedia.org/wiki/Barry_Loudermilk,Republican,72,0,0,8,1,7
127,Rick Allen,https://en.wikipedia.org/wiki/Rick_Allen,Unknown,1,0,0,0,0,0
128,David Scott,https://en.wikipedia.org/wiki/David_Scott,Unknown,226,0,0,15,0,15
129,Marjorie Taylor Greene,https://en.wikipedia.org/wiki/Marjorie_Taylor_Greene,Republican,525,0,1,2,7,-6
130,Ed Case,https://en.wikipedia.org/wiki/Ed_Case,Democratic,168,0,0,0,1,-1
131,Jill Tokuda,https://en.wikipedia.org/wiki/Jill_Tokuda,Democratic,66,0,0,0,0,0
132,Russ Fulcher,https://en.wikipedia.org/wiki/Russ_Fulcher,Republican,53,0,0,0,0,0
133,Mike Simpson,https://en.wikipedia.org/wiki/Mike_Simpson,Republican,161,0,0,0,0,0
134,Jonathan Jackson,https://en.wikipedia.org/wiki/Jonathan_Jackson,Unknown,1,0,0,0,0,0
135,Robin Kelly,https://en.wikipedia.org/wiki/Robin_Kelly,Democratic,54,0,0,0,0,0
136,Delia Ramirez,https://en.wikipedia.org/wiki/Delia_Ramirez,Democratic,63,0,0,1,0,1
137,Chuy García,https://en.wikipedia.org/wiki/Chuy_García,Democratic,215,0,0,0,2,-2
138,Mike Quigley,https://en.wikipedia.org/wiki/Mike_Quigley,Democratic,79,0,0,0,0,0
139,Sean Casten,https://en.wikipedia.org/wiki/Sean_Casten,Democratic,82,0,0,0,0,0
140,Danny Davis,https://en.wikipedia.org/wiki/Danny_Davis,Unknown,2,0,0,0,0,0
141,Raja Krishnamoorthi,https://en.wikipedia.org/wiki/Raja_Krishnamoorthi,Democratic,131,0,0,1,0,1
142,Jan Schakowsky,https://en.wikipedia.org/wiki/Jan_Schakowsky,Democratic,105,0,0,1,0,1
143,Brad Schneider,https://en.wikipedia.org/wiki/Brad_Schneider,Democratic,74,0,0,0,0,0
144,Bill Foster,https://en.wikipedia.org/wiki/Bill_Foster,Unknown,1,0,0,0,0,0
145,Mike Bost,https://en.wikipedia.org/wiki/Mike_Bost,Republican,125,0,0,0,0,0
146,Nikki Budzinski,https://en.wikipedia.org/wiki/Nikki_Budzinski,Democratic,34,0,0,0,0,0
147,Lauren Underwood,https://en.wikipedia.org/wiki/Lauren_Underwood,Democratic,56,0,0,0,1,-1
148,Mary Miller,https://en.wikipedia.org/wiki/Mary_Miller,Unknown,1,0,0,0,0,0
149,Darin LaHood,https://en.wikipedia.org/wiki/Darin_LaHood,Republican,85,0,0,0,1,-1
150,Eric Sorensen,https://en.wikipedia.org/wiki/Eric_Sorensen,Unknown,1,0,0,0,0,0
151,Frank J. Mrvan,https://en.wikipedia.org/wiki/Frank_J._Mrvan,Democratic,42,0,0,0,0,0
152,Rudy Yakym,https://en.wikipedia.org/wiki/Rudy_Yakym,Republican,21,0,0,0,0,0
153,Jim Banks,https://en.wikipedia.org/wiki/Jim_Banks,Republican,90,0,0,0,0,0
154,Jim Baird,https://en.wikipedia.org/wiki/Jim_Baird,Unknown,1,0,0,0,0,0
155,Victoria Spartz,https://en.wikipedia.org/wiki/Victoria_Spartz,Republican,118,0,1,0,0,-1
156,Greg Pence,https://en.wikipedia.org/wiki/Greg_Pence,Republican,57,0,0,1,0,1
157,André Carson,https://en.wikipedia.org/wiki/André_Carson,Democratic,139,0,0,1,1,0
158,Larry Bucshon,https://en.wikipedia.org/wiki/Larry_Bucshon,Republican,71,0,0,1,0,1
159,Erin Houchin,https://en.wikipedia.org/wiki/Erin_Houchin,Republican,25,0,0,0,0,0
160,Mariannette Miller-Meeks,https://en.wikipedia.org/wiki/Mariannette_Miller-Meeks,Republican,65,0,0,0,0,0
161,Ashley Hinson,https://en.wikipedia.org/wiki/Ashley_Hinson,Republican,43,0,0,0,0,0
162,Zach Nunn,https://en.wikipedia.org/wiki/Zach_Nunn,Republican,37,0,0,0,0,0
163,Randy Feenstra,https://en.wikipedia.org/wiki/Randy_Feenstra,Republican,47,0,0,0,0,0
164,Tracey Mann,https://en.wikipedia.org/wiki/Tracey_Mann,Republican,42,0,0,0,0,0
165,Jake LaTurner,https://en.wikipedia.org/wiki/Jake_LaTurner,Republican,76,0,0,0,0,0
166,Sharice Davids,https://en.wikipedia.org/wiki/Sharice_Davids,Democratic,76,0,0,0,0,0
167,Ron Estes,https://en.wikipedia.org/wiki/Ron_Estes,Republican,67,0,0,1,0,1
168,James Comer,https://en.wikipedia.org/wiki/James_Comer,Unknown,1,0,0,0,0,0
169,Brett Guthrie,https://en.wikipedia.org/wiki/Brett_Guthrie,Republican,49,0,0,0,1,-1
170,Morgan McGarvey,https://en.wikipedia.org/wiki/Morgan_McGarvey,Democratic,35,0,0,1,0,1
171,Thomas Massie,https://en.wikipedia.org/wiki/Thomas_Massie,Republican,259,1,1,2,2,0
172,Hal Rogers,https://en.wikipedia.org/wiki/Hal_Rogers,Republican,135,0,0,2,1,1
173,Andy Barr,https://en.wikipedia.org/wiki/Andy_Barr,Unknown,1,0,0,0,0,0
174,Steve Scalise,https://en.wikipedia.org/wiki/Steve_Scalise,Republican,163,0,0,0,1,-1
175,Troy Carter,https://en.wikipedia.org/wiki/Troy_Carter,Unknown,1,0,0,0,0,0
176,Clay Higgins,https://en.wikipedia.org/wiki/Clay_Higgins,Republican,171,0,0,1,0,1
177,Mike Johnson,https://en.wikipedia.org/wiki/Mike_Johnson,Republican,311,0,0,0,0,0
178,Julia Letlow,https://en.wikipedia.org/wiki/Julia_Letlow,Republican,39,0,0,0,0,0
179,Garret Graves,https://en.wikipedia.org/wiki/Garret_Graves,Republican,57,0,0,0,0,0
180,Chellie Pingree,https://en.wikipedia.org/wiki/Chellie_Pingree,Democratic,108,0,0,0,1,-1
181,Jared Golden,https://en.wikipedia.org/wiki/Jared_Golden,Democratic,91,0,0,0,0,0
182,Andy Harris,https://en.wikipedia.org/wiki/Andy_Harris,Unknown,1,0,0,0,0,0
183,Dutch Ruppersberger,https://en.wikipedia.org/wiki/Dutch_Ruppersberger,Democratic,79,0,1,4,0,3
184,John Sarbanes,https://en.wikipedia.org/wiki/John_Sarbanes,Democratic,54,0,0,0,0,0
185,Glenn Ivey,https://en.wikipedia.org/wiki/Glenn_Ivey,Democratic,168,0,0,1,1,0
186,Steny Hoyer,https://en.wikipedia.org/wiki/Steny_Hoyer,Democratic,126,0,0,3,0,3
187,David Trone,https://en.wikipedia.org/wiki/David_Trone,Democratic,304,0,0,10,0,10
188,Kweisi Mfume,https://en.wikipedia.org/wiki/Kweisi_Mfume,Democratic,64,0,0,0,0,0
189,Jamie Raskin,https://en.wikipedia.org/wiki/Jamie_Raskin,Democratic,124,0,1,0,0,-1
190,Richard Neal,https://en.wikipedia.org/wiki/Richard_Neal,Democratic,160,0,0,1,2,-1
191,Jim McGovern,https://en.wikipedia.org/wiki/Jim_McGovern,Unknown,1,0,0,0,0,0
192,Lori Trahan,https://en.wikipedia.org/wiki/Lori_Trahan,Democratic,57,0,0,0,0,0
193,Jake Auchincloss,https://en.wikipedia.org/wiki/Jake_Auchincloss,Democratic,79,0,0,2,0,2
194,Katherine Clark,https://en.wikipedia.org/wiki/Katherine_Clark,Democratic,83,0,1,1,1,-1
195,Seth Moulton,https://en.wikipedia.org/wiki/Seth_Moulton,Democratic,173,0,0,2,1,1
196,Ayanna Pressley,https://en.wikipedia.org/wiki/Ayanna_Pressley,Democratic,176,0,0,1,0,1
197,Stephen F. Lynch,https://en.wikipedia.org/wiki/Stephen_F._Lynch,Democratic,189,0,0,0,1,-1
198,Bill Keating,https://en.wikipedia.org/wiki/Bill_Keating,Unknown,1,0,0,0,0,0
199,Jack Bergman,https://en.wikipedia.org/wiki/Jack_Bergman,Republican,62,0,0,2,0,2
200,John Moolenaar,https://en.wikipedia.org/wiki/John_Moolenaar,Republican,31,0,0,0,0,0
201,Hillary Scholten,https://en.wikipedia.org/wiki/Hillary_Scholten,Democratic,34,0,0,0,0,0
202,Bill Huizenga,https://en.wikipedia.org/wiki/Bill_Huizenga,Republican,54,0,0,1,0,1
203,Tim Walberg,https://en.wikipedia.org/wiki/Tim_Walberg,Republican,90,0,0,0,0,0
204,Debbie Dingell,https://en.wikipedia.org/wiki/Debbie_Dingell,Democratic,61,0,0,0,0,0
205,Elissa Slotkin,https://en.wikipedia.org/wiki/Elissa_Slotkin,Democratic,110,0,0,0,1,-1
206,Dan Kildee,https://en.wikipedia.org/wiki/Dan_Kildee,Democratic,97,0,0,0,0,0
207,Lisa McClain,https://en.wikipedia.org/wiki/Lisa_McClain,Republican,37,0,0,1,0,1
208,John James,https://en.wikipedia.org/wiki/John_James,Unknown,1,0,0,0,0,0
209,Haley Stevens,https://en.wikipedia.org/wiki/Haley_Stevens,Democratic,37,1,0,0,0,1
210,Rashida Tlaib,https://en.wikipedia.org/wiki/Rashida_Tlaib,Democratic,182,0,0,0,7,-7
211,Shri Thanedar,https://en.wikipedia.org/wiki/Shri_Thanedar,Democratic,104,0,0,0,1,-1
212,Brad Finstad,https://en.wikipedia.org/wiki/Brad_Finstad,Republican,50,0,0,0,0,0
213,Angie Craig,https://en.wikipedia.org/wiki/Angie_Craig,Democratic,69,0,0,0,0,0
214,Dean Phillips,https://en.wikipedia.org/wiki/Dean_Phillips,Democratic,87,1,0,2,0,3
215,Betty McCollum,https://en.wikipedia.org/wiki/Betty_McCollum,Democratic,64,0,0,0,0,0
216,Ilhan Omar,https://en.wikipedia.org/wiki/Ilhan_Omar,Democratic,358,0,2,2,7,-7
217,Tom Emmer,https://en.wikipedia.org/wiki/Tom_Emmer,Republican,187,1,0,1,1,1
218,Michelle Fischbach,https://en.wikipedia.org/wiki/Michelle_Fischbach,Republican,86,0,0,0,0,0
219,Pete Stauber,https://en.wikipedia.org/wiki/Pete_Stauber,Republican,64,0,0,0,0,0
220,Trent Kelly,https://en.wikipedia.org/wiki/Trent_Kelly,Republican,55,0,0,1,0,1
221,Bennie Thompson,https://en.wikipedia.org/wiki/Bennie_Thompson,Democratic,112,0,0,0,0,0
222,Michael Guest,https://en.wikipedia.org/wiki/Michael_Guest,Unknown,1,0,0,0,0,0
223,Mike Ezell,https://en.wikipedia.org/wiki/Mike_Ezell,Republican,25,0,0,0,0,0
224,Cori Bush,https://en.wikipedia.org/wiki/Cori_Bush,Democratic,122,0,0,0,2,-2
225,Ann Wagner,https://en.wikipedia.org/wiki/Ann_Wagner,Republican,84,0,0,2,0,2
226,Blaine Luetkemeyer,https://en.wikipedia.org/wiki/Blaine_Luetkemeyer,Republican,64,0,0,0,1,-1
227,Mark Alford,https://en.wikipedia.org/wiki/Mark_Alford,Unknown,1,0,0,0,0,0
228,Emanuel Cleaver,https://en.wikipedia.org/wiki/Emanuel_Cleaver,Democratic,71,0,0,0,1,-1
229,Sam Graves,https://en.wikipedia.org/wiki/Sam_Graves,Republican,59,0,0,0,1,-1
230,Eric Burlison,https://en.wikipedia.org/wiki/Eric_Burlison,Republican,50,0,0,0,0,0
231,Jason Smith,https://en.wikipedia.org/wiki/Jason_Smith,Unknown,1,0,0,0,0,0
232,Ryan Zinke,https://en.wikipedia.org/wiki/Ryan_Zinke,Republican,254,0,0,1,2,-1
233,Matt Rosendale,https://en.wikipedia.org/wiki/Matt_Rosendale,Republican,167,0,0,0,1,-1
234,Mike Flood,https://en.wikipedia.org/wiki/Mike_Flood,Unknown,1,0,0,0,0,0
235,Don Bacon,https://en.wikipedia.org/wiki/Don_Bacon,Republican,177,0,0,1,0,1
236,Adrian Smith,https://en.wikipedia.org/wiki/Adrian_Smith,Unknown,1,0,0,0,0,0
237,Dina Titus,https://en.wikipedia.org/wiki/Dina_Titus,Democratic,89,0,0,0,0,0
238,Mark Amodei,https://en.wikipedia.org/wiki/Mark_Amodei,Republican,124,0,0,2,0,2
239,Susie Lee,https://en.wikipedia.org/wiki/Susie_Lee,Democratic,39,0,0,0,0,0
240,Steven Horsford,https://en.wikipedia.org/wiki/Steven_Horsford,Democratic,124,0,0,0,2,-2
241,Chris Pappas,https://en.wikipedia.org/wiki/Chris_Pappas,Unknown,1,0,0,0,0,0
242,Annie Kuster,https://en.wikipedia.org/wiki/Annie_Kuster,Democratic,115,0,0,1,0,1
243,Donald Norcross,https://en.wikipedia.org/wiki/Donald_Norcross,Democratic,49,0,0,0,0,0
244,Jeff Van Drew,https://en.wikipedia.org/wiki/Jeff_Van_Drew,Republican,157,0,0,0,1,-1
245,Andy Kim,https://en.wikipedia.org/wiki/Andy_Kim,Unknown,1,0,0,0,0,0
246,Chris Smith,https://en.wikipedia.org/wiki/Chris_Smith,Unknown,1,0,0,0,0,0
247,Josh Gottheimer,https://en.wikipedia.org/wiki/Josh_Gottheimer,Democratic,671,0,0,3,5,-2
248,Frank Pallone,https://en.wikipedia.org/wiki/Frank_Pallone,Democratic,106,0,0,4,0,4
249,Thomas Kean Jr.,https://en.wikipedia.org/wiki/Thomas_Kean_Jr.,Republican,93,0,0,2,0,2
250,Rob Menendez,https://en.wikipedia.org/wiki/Rob_Menendez,Democratic,46,0,0,0,0,0
251,Bill Pascrell,https://en.wikipedia.org/wiki/Bill_Pascrell,Democratic,127,0,0,0,0,0
252,Mikie Sherrill,https://en.wikipedia.org/wiki/Mikie_Sherrill,Democratic,89,0,0,0,0,0
253,Bonnie Watson Coleman,https://en.wikipedia.org/wiki/Bonnie_Watson_Coleman,Democratic,124,0,0,2,0,2
254,Melanie Stansbury,https://en.wikipedia.org/wiki/Melanie_Stansbury,Democratic,38,0,0,0,0,0
255,Gabe Vasquez,https://en.wikipedia.org/wiki/Gabe_Vasquez,Democratic,33,0,0,0,0,0
256,Teresa Leger Fernandez,https://en.wikipedia.org/wiki/Teresa_Leger_Fernandez,Democratic,23,0,0,0,0,0
257,Nick LaLota,https://en.wikipedia.org/wiki/Nick_LaLota,Republican,22,0,0,0,0,0
258,Andrew Garbarino,https://en.wikipedia.org/wiki/Andrew_Garbarino,Republican,41,0,0,0,0,0
259,Tom Suozzi,https://en.wikipedia.org/wiki/Tom_Suozzi,Democratic,104,0,0,1,0,1
260,Anthony D'Esposito,https://en.wikipedia.org/wiki/Anthony_D'Esposito,Republican,30,0,0,0,0,0
261,Gregory Meeks,https://en.wikipedia.org/wiki/Gregory_Meeks,Democratic,59,0,0,0,0,0
262,Grace Meng,https://en.wikipedia.org/wiki/Grace_Meng,Democratic,68,0,0,0,0,0
263,Nydia Velázquez,https://en.wikipedia.org/wiki/Nydia_Velázquez,Democratic,64,0,0,0,0,0
264,Hakeem Jeffries,https://en.wikipedia.org/wiki/Hakeem_Jeffries,Democratic,185,0,0,3,1,2
265,Yvette Clarke,https://en.wikipedia.org/wiki/Yvette_Clarke,Democratic,114,0,0,0,1,-1
266,Dan Goldman,https://en.wikipedia.org/wiki/Dan_Goldman,Democratic,103,1,0,0,2,-1
267,Nicole Malliotakis,https://en.wikipedia.org/wiki/Nicole_Malliotakis,Republican,96,0,0,2,0,2
268,Jerry Nadler,https://en.wikipedia.org/wiki/Jerry_Nadler,Democratic,93,0,0,0,0,0
269,Adriano Espaillat,https://en.wikipedia.org/wiki/Adriano_Espaillat,Democratic,108,0,0,0,1,-1
270,Alexandria Ocasio-Cortez,https://en.wikipedia.org/wiki/Alexandria_Ocasio-Cortez,Democratic,513,0,1,2,4,-3
271,Ritchie Torres,https://en.wikipedia.org/wiki/Ritchie_Torres,Democratic,157,1,0,1,2,0
272,Jamaal Bowman,https://en.wikipedia.org/wiki/Jamaal_Bowman,Democratic,94,0,1,2,0,1
273,Mike Lawler,https://en.wikipedia.org/wiki/Mike_Lawler,Republican,39,0,0,0,0,0
274,Pat Ryan,https://en.wikipedia.org/wiki/Pat_Ryan,Unknown,1,0,0,0,0,0
275,Marc Molinaro,https://en.wikipedia.org/wiki/Marc_Molinaro,Republican,60,0,0,2,0,2
276,Paul Tonko,https://en.wikipedia.org/wiki/Paul_Tonko,Democratic,70,0,0,0,0,0
277,Elise Stefanik,https://en.wikipedia.org/wiki/Elise_Stefanik,Republican,237,0,0,3,4,-1
278,Brandon Williams,https://en.wikipedia.org/wiki/Brandon_Williams,Unknown,1,0,0,0,0,0
279,Nick Langworthy,https://en.wikipedia.org/wiki/Nick_Langworthy,Republican,44,0,0,0,0,0
280,Claudia Tenney,https://en.wikipedia.org/wiki/Claudia_Tenney,Republican,150,0,0,1,0,1
281,Joseph Morelle,https://en.wikipedia.org/wiki/Joseph_Morelle,Democratic,48,0,0,0,0,0
282,Tim Kennedy,https://en.wikipedia.org/wiki/Tim_Kennedy,Unknown,1,0,0,0,0,0
283,Don Davis,https://en.wikipedia.org/wiki/Don_Davis,Unknown,1,0,0,0,0,0
284,Deborah Ross,https://en.wikipedia.org/wiki/Deborah_Ross,Unknown,1,0,0,0,0,0
285,Greg Murphy,https://en.wikipedia.org/wiki/Greg_Murphy,Unknown,62,0,0,0,0,0
286,Valerie Foushee,https://en.wikipedia.org/wiki/Valerie_Foushee,Democratic,14,0,0,0,0,0
287,Virginia Foxx,https://en.wikipedia.org/wiki/Virginia_Foxx,Republican,82,0,0,0,0,0
288,Kathy Manning,https://en.wikipedia.org/wiki/Kathy_Manning,Democratic,29,0,0,0,0,0
289,David Rouzer,https://en.wikipedia.org/wiki/David_Rouzer,Republican,80,0,0,0,0,0
290,Dan Bishop,https://en.wikipedia.org/wiki/Dan_Bishop,Republican,89,0,0,0,1,-1
291,Richard Hudson,https://en.wikipedia.org/wiki/Richard_Hudson,Unknown,1,0,0,0,0,0
292,Patrick McHenry,https://en.wikipedia.org/wiki/Patrick_McHenry,Republican,120,0,0,1,1,0
293,Chuck Edwards,https://en.wikipedia.org/wiki/Chuck_Edwards,Republican,32,0,1,0,1,-2
294,Alma Adams,https://en.wikipedia.org/wiki/Alma_Adams,Democratic,99,0,0,0,1,-1
295,Wiley Nickel,https://en.wikipedia.org/wiki/Wiley_Nickel,Democratic,42,0,0,0,0,0
296,Jeff Jackson,https://en.wikipedia.org/wiki/Jeff_Jackson,Unknown,1,0,0,0,0,0
297,Kelly Armstrong,https://en.wikipedia.org/wiki/Kelly_Armstrong,Republican,46,0,0,0,1,-1
298,Greg Landsman,https://en.wikipedia.org/wiki/Greg_Landsman,Democratic,32,0,0,0,0,0
299,Brad Wenstrup,https://en.wikipedia.org/wiki/Brad_Wenstrup,Republican,71,0,0,2,0,2
300,Joyce Beatty,https://en.wikipedia.org/wiki/Joyce_Beatty,Democratic,85,0,0,8,1,7
301,Jim Jordan,https://en.wikipedia.org/wiki/Jim_Jordan,Republican,231,0,0,1,1,0
302,Bob Latta,https://en.wikipedia.org/wiki/Bob_Latta,Republican,42,0,0,0,0,0
303,Michael Rulli,https://en.wikipedia.org/wiki/Michael_Rulli,Republican,27,0,0,0,0,0
304,Max Miller,https://en.wikipedia.org/wiki/Max_Miller,Unknown,1,0,0,0,0,0
305,Warren Davidson,https://en.wikipedia.org/wiki/Warren_Davidson,Republican,118,0,0,1,0,1
306,Marcy Kaptur,https://en.wikipedia.org/wiki/Marcy_Kaptur,Democratic,131,0,0,0,0,0
307,Mike Turner,https://en.wikipedia.org/wiki/Mike_Turner,Republican,155,0,0,2,1,1
308,Shontel Brown,https://en.wikipedia.org/wiki/Shontel_Brown,Democratic,25,0,0,0,0,0
309,Troy Balderson,https://en.wikipedia.org/wiki/Troy_Balderson,Republican,48,0,0,0,0,0
310,Emilia Sykes,https://en.wikipedia.org/wiki/Emilia_Sykes,Democratic,39,0,0,1,0,1
311,David Joyce,https://en.wikipedia.org/wiki/David_Joyce,Unknown,1,0,0,0,0,0
312,Mike Carey,https://en.wikipedia.org/wiki/Mike_Carey,Unknown,1,0,0,0,0,0
313,Kevin Hern,https://en.wikipedia.org/wiki/Kevin_Hern,Republican,90,0,0,1,0,1
314,Josh Brecheen,https://en.wikipedia.org/wiki/Josh_Brecheen,Republican,61,0,0,0,0,0
315,Frank Lucas,https://en.wikipedia.org/wiki/Frank_Lucas,Unknown,103,0,0,0,0,0
316,Tom Cole,https://en.wikipedia.org/wiki/Tom_Cole,Republican,93,0,0,1,0,1
317,Stephanie Bice,https://en.wikipedia.org/wiki/Stephanie_Bice,Republican,49,0,0,0,0,0
318,Suzanne Bonamici,https://en.wikipedia.org/wiki/Suzanne_Bonamici,Democratic,44,0,0,0,0,0
319,Cliff Bentz,https://en.wikipedia.org/wiki/Cliff_Bentz,Republican,71,0,0,2,0,2
320,Earl Blumenauer,https://en.wikipedia.org/wiki/Earl_Blumenauer,Democratic,88,0,0,1,1,0
321,Val Hoyle,https://en.wikipedia.org/wiki/Val_Hoyle,Democratic,53,0,0,0,0,0
322,Lori Chavez-DeRemer,https://en.wikipedia.org/wiki/Lori_Chavez-DeRemer,Republican,31,0,0,0,0,0
323,Andrea Salinas,https://en.wikipedia.org/wiki/Andrea_Salinas,Democratic,38,0,0,0,1,-1
324,Brian Fitzpatrick,https://en.wikipedia.org/wiki/Brian_Fitzpatrick,Unknown,1,0,0,0,0,0
325,Brendan Boyle,https://en.wikipedia.org/wiki/Brendan_Boyle,Democratic,77,0,0,2,0,2
326,Dwight Evans,https://en.wikipedia.org/wiki/Dwight_Evans,Unknown,1,0,0,0,0,0
327,Madeleine Dean,https://en.wikipedia.org/wiki/Madeleine_Dean,Democratic,56,0,0,0,0,0
328,Mary Gay Scanlon,https://en.wikipedia.org/wiki/Mary_Gay_Scanlon,Democratic,90,0,0,2,0,2
329,Chrissy Houlahan,https://en.wikipedia.org/wiki/Chrissy_Houlahan,Democratic,78,0,0,0,0,0
330,Susan Wild,https://en.wikipedia.org/wiki/Susan_Wild,Democratic,79,0,0,0,0,0
331,Matt Cartwright,https://en.wikipedia.org/wiki/Matt_Cartwright,Democratic,165,0,0,2,0,2
332,Dan Meuser,https://en.wikipedia.org/wiki/Dan_Meuser,Republican,132,0,0,1,0,1
333,Scott Perry,https://en.wikipedia.org/wiki/Scott_Perry,Unknown,1,0,0,0,0,0
334,Lloyd Smucker,https://en.wikipedia.org/wiki/Lloyd_Smucker,Republican,63,0,0,0,0,0
335,Summer Lee,https://en.wikipedia.org/wiki/Summer_Lee,Democratic,77,0,0,1,2,-1
336,John Joyce,https://en.wikipedia.org/wiki/John_Joyce,Unknown,1,0,0,0,0,0
337,Guy Reschenthaler,https://en.wikipedia.org/wiki/Guy_Reschenthaler,Republican,68,0,0,2,0,2
338,Glenn Thompson,https://en.wikipedia.org/wiki/Glenn_Thompson,Unknown,1,0,0,0,0,0
339,Mike Kelly,https://en.wikipedia.org/wiki/Mike_Kelly,Unknown,1,0,0,0,0,0
340,Chris Deluzio,https://en.wikipedia.org/wiki/Chris_Deluzio,Democratic,28,0,0,0,0,0
341,Gabe Amo,https://en.wikipedia.org/wiki/Gabe_Amo,Democratic,42,0,0,6,0,6
342,Seth Magaziner,https://en.wikipedia.org/wiki/Seth_Magaziner,Democratic,60,0,0,0,0,0
343,Nancy Mace,https://en.wikipedia.org/wiki/Nancy_Mace,Republican,192,1,0,1,0,2
344,Joe Wilson,https://en.wikipedia.org/wiki/Joe_Wilson,Unknown,1,0,0,0,0,0
345,Jeff Duncan,https://en.wikipedia.org/wiki/Jeff_Duncan,Unknown,1,0,0,0,0,0
346,William Timmons,https://en.wikipedia.org/wiki/William_Timmons,Unknown,1,0,0,0,0,0
347,Ralph Norman,https://en.wikipedia.org/wiki/Ralph_Norman,Republican,116,0,0,0,1,-1
348,Jim Clyburn,https://en.wikipedia.org/wiki/Jim_Clyburn,Democratic,162,0,0,1,1,0
349,Russell Fry,https://en.wikipedia.org/wiki/Russell_Fry,Unknown,1,0,0,0,0,0
350,Dusty Johnson,https://en.wikipedia.org/wiki/Dusty_Johnson,Republican,71,0,0,1,0,1
351,Diana Harshbarger,https://en.wikipedia.org/wiki/Diana_Harshbarger,Republican,47,0,0,0,0,0
352,Tim Burchett,https://en.wikipedia.org/wiki/Tim_Burchett,Republican,109,0,0,0,0,0
353,Chuck Fleischmann,https://en.wikipedia.org/wiki/Chuck_Fleischmann,Republican,81,0,0,2,0,2
354,Scott DesJarlais,https://en.wikipedia.org/wiki/Scott_DesJarlais,Republican,85,0,0,0,1,-1
355,Andy Ogles,https://en.wikipedia.org/wiki/Andy_Ogles,Republican,135,0,0,0,2,-2
356,John Rose,https://en.wikipedia.org/wiki/John_Rose,Unknown,1,0,0,0,0,0
357,Mark E. Green,https://en.wikipedia.org/wiki/Mark_E._Green,Republican,109,1,0,7,0,8
358,David Kustoff,https://en.wikipedia.org/wiki/David_Kustoff,Republican,68,0,0,0,0,0
359,Steve Cohen,https://en.wikipedia.org/wiki/Steve_Cohen,Unknown,1,0,0,0,0,0
360,Nathaniel Moran,https://en.wikipedia.org/wiki/Nathaniel_Moran,Republican,30,0,0,0,0,0
361,Dan Crenshaw,https://en.wikipedia.org/wiki/Dan_Crenshaw,Republican,167,0,1,1,4,-4
362,Keith Self,https://en.wikipedia.org/wiki/Keith_Self,Republican,49,0,0,0,0,0
363,Pat Fallon,https://en.wikipedia.org/wiki/Pat_Fallon,Republican,109,0,0,1,0,1
364,Lance Gooden,https://en.wikipedia.org/wiki/Lance_Gooden,Republican,54,0,0,1,0,1
365,Jake Ellzey,https://en.wikipedia.org/wiki/Jake_Ellzey,Republican,30,0,0,0,0,0
366,Lizzie Fletcher,https://en.wikipedia.org/wiki/Lizzie_Fletcher,Democratic,30,0,0,1,0,1
367,Morgan Luttrell,https://en.wikipedia.org/wiki/Morgan_Luttrell,Republican,55,0,0,0,0,0
368,Al Green,https://en.wikipedia.org/wiki/Al_Green,Unknown,132,0,0,20,0,20
369,Michael McCaul,https://en.wikipedia.org/wiki/Michael_McCaul,Republican,67,0,0,1,0,1
370,August Pfluger,https://en.wikipedia.org/wiki/August_Pfluger,Republican,40,0,0,0,0,0
371,Kay Granger,https://en.wikipedia.org/wiki/Kay_Granger,Republican,74,0,0,0,0,0
372,Ronny Jackson,https://en.wikipedia.org/wiki/Ronny_Jackson,Republican,117,0,0,1,1,0
373,Randy Weber,https://en.wikipedia.org/wiki/Randy_Weber,Republican,53,0,0,1,0,1
374,Monica De La Cruz,https://en.wikipedia.org/wiki/Monica_De_La_Cruz,Republican,24,0,0,0,0,0
375,Veronica Escobar,https://en.wikipedia.org/wiki/Veronica_Escobar,Democratic,38,0,0,0,0,0
376,Pete Sessions,https://en.wikipedia.org/wiki/Pete_Sessions,Republican,161,0,0,0,5,-5
377,Jodey Arrington,https://en.wikipedia.org/wiki/Jodey_Arrington,Republican,84,1,0,1,0,2
378,Joaquin Castro,https://en.wikipedia.org/wiki/Joaquin_Castro,Democratic,70,0,0,1,0,1
379,Chip Roy,https://en.wikipedia.org/wiki/Chip_Roy,Republican,580,0,3,4,10,-9
380,Troy Nehls,https://en.wikipedia.org/wiki/Troy_Nehls,Republican,82,0,0,4,0,4
381,Tony Gonzales,https://en.wikipedia.org/wiki/Tony_Gonzales,Republican,84,0,0,0,0,0
382,Beth Van Duyne,https://en.wikipedia.org/wiki/Beth_Van_Duyne,Republican,63,0,0,0,0,0
383,Roger Williams,https://en.wikipedia.org/wiki/Roger_Williams,Unknown,201,1,1,3,3,0
384,Michael C. Burgess,https://en.wikipedia.org/wiki/Michael_C._Burgess,Republican,91,0,0,0,0,0
385,Michael Cloud,https://en.wikipedia.org/wiki/Michael_Cloud,Republican,44,0,0,2,1,1
386,Henry Cuellar,https://en.wikipedia.org/wiki/Henry_Cuellar,Democratic,208,0,0,1,1,0
387,Sylvia Garcia,https://en.wikipedia.org/wiki/Sylvia_Garcia,Democratic,41,0,0,0,0,0
388,Jasmine Crockett,https://en.wikipedia.org/wiki/Jasmine_Crockett,Democratic,37,0,0,1,0,1
389,John Carter,https://en.wikipedia.org/wiki/John_Carter,Unknown,1,0,0,0,0,0
390,Colin Allred,https://en.wikipedia.org/wiki/Colin_Allred,Democratic,78,0,0,1,0,1
391,Marc Veasey,https://en.wikipedia.org/wiki/Marc_Veasey,Democratic,62,0,0,1,0,1
392,Vicente Gonzalez,https://en.wikipedia.org/wiki/Vicente_Gonzalez,Unknown,1,0,0,0,0,0
393,Greg Casar,https://en.wikipedia.org/wiki/Greg_Casar,Democratic,144,0,0,0,0,0
394,Brian Babin,https://en.wikipedia.org/wiki/Brian_Babin,Republican,144,0,0,0,1,-1
395,Lloyd Doggett,https://en.wikipedia.org/wiki/Lloyd_Doggett,Democratic,185,0,0,0,0,0
396,Wesley Hunt,https://en.wikipedia.org/wiki/Wesley_Hunt,Republican,36,0,0,1,0,1
397,Blake Moore,https://en.wikipedia.org/wiki/Blake_Moore,Republican,56,0,0,0,0,0
398,Celeste Maloy,https://en.wikipedia.org/wiki/Celeste_Maloy,Republican,36,0,0,0,0,0
399,John Curtis,https://en.wikipedia.org/wiki/John_Curtis,Unknown,1,0,0,0,0,0
400,Burgess Owens,https://en.wikipedia.org/wiki/Burgess_Owens,Republican,78,0,0,1,0,1
401,Becca Balint,https://en.wikipedia.org/wiki/Becca_Balint,Democratic,85,0,0,0,0,0
402,Rob Wittman,https://en.wikipedia.org/wiki/Rob_Wittman,Republican,68,0,0,0,0,0
403,Jen Kiggans,https://en.wikipedia.org/wiki/Jen_Kiggans,Republican,40,0,0,0,0,0
404,Bobby Scott,https://en.wikipedia.org/wiki/Bobby_Scott,Unknown,1,0,0,0,0,0
405,Jennifer McClellan,https://en.wikipedia.org/wiki/Jennifer_McClellan,Democratic,58,0,0,0,0,0
406,Bob Good,https://en.wikipedia.org/wiki/Bob_Good,Republican,99,0,0,2,0,2
407,Ben Cline,https://en.wikipedia.org/wiki/Ben_Cline,Republican,134,0,0,0,0,0
408,Abigail Spanberger,https://en.wikipedia.org/wiki/Abigail_Spanberger,Democratic,128,0,0,0,1,-1
409,Don Beyer,https://en.wikipedia.org/wiki/Don_Beyer,Democratic,119,0,0,12,0,12
410,Morgan Griffith,https://en.wikipedia.org/wiki/Morgan_Griffith,Republican,91,0,0,1,0,1
411,Jennifer Wexton,https://en.wikipedia.org/wiki/Jennifer_Wexton,Democratic,90,0,0,1,1,0
412,Gerry Connolly,https://en.wikipedia.org/wiki/Gerry_Connolly,Democratic,130,0,0,0,0,0
413,Suzan DelBene,https://en.wikipedia.org/wiki/Suzan_DelBene,Democratic,49,0,0,0,0,0
414,Rick Larsen,https://en.wikipedia.org/wiki/Rick_Larsen,Democratic,71,0,0,0,2,-2
415,Marie Gluesenkamp Perez,https://en.wikipedia.org/wiki/Marie_Gluesenkamp_Perez,Democratic,73,0,0,0,0,0
416,Dan Newhouse,https://en.wikipedia.org/wiki/Dan_Newhouse,Republican,58,0,0,0,0,0
417,Cathy McMorris Rodgers,https://en.wikipedia.org/wiki/Cathy_McMorris_Rodgers,Republican,165,0,0,0,0,0
418,Derek Kilmer,https://en.wikipedia.org/wiki/Derek_Kilmer,Democratic,61,0,0,3,0,3
419,Pramila Jayapal,https://en.wikipedia.org/wiki/Pramila_Jayapal,Democratic,122,0,0,0,0,0
420,Kim Schrier,https://en.wikipedia.org/wiki/Kim_Schrier,Democratic,39,0,0,0,0,0
421,Adam Smith,https://en.wikipedia.org/wiki/Adam_Smith,Unknown,327,2,0,3,1,4
422,Marilyn Strickland,https://en.wikipedia.org/wiki/Marilyn_Strickland,Democratic,38,0,0,1,0,1
423,Carol Miller,https://en.wikipedia.org/wiki/Carol_Miller,Unknown,1,0,0,0,0,0
424,Alex Mooney,https://en.wikipedia.org/wiki/Alex_Mooney,Republican,133,0,0,0,0,0
425,Bryan Steil,https://en.wikipedia.org/wiki/Bryan_Steil,Republican,41,0,0,0,1,-1
426,Mark Pocan,https://en.wikipedia.org/wiki/Mark_Pocan,Democratic,75,0,0,0,0,0
427,Derrick Van Orden,https://en.wikipedia.org/wiki/Derrick_Van_Orden,Republican,46,0,0,0,0,0
428,Gwen Moore,https://en.wikipedia.org/wiki/Gwen_Moore,Democratic,70,0,0,2,0,2
429,Scott Fitzgerald,https://en.wikipedia.org/wiki/Scott_Fitzgerald,Unknown,546,0,0,3,5,-2
430,Glenn Grothman,https://en.wikipedia.org/wiki/Glenn_Grothman,Republican,91,0,0,0,0,0
431,Tom Tiffany,https://en.wikipedia.org/wiki/Tom_Tiffany,Republican,45,0,0,0,0,0
432,Harriet Hageman,https://en.wikipedia.org/wiki/Harriet_Hageman,Republican,72,0,1,0,0,-1
